zipcode	count
1431	4970
1432	4970
1450	4970
1460	4970
1463	4970
1464	4970
1469	4970
1474	4970
1701	4970
1702	4970
1718	4970
1719	4970
1720	4970
1721	4970
1730	4970
1741	4970
1742	4970
1746	4970
1748	4970
1749	4970
1752	4970
1754	4970
1760	4970
1770	4970
1773	4970
1775	4970
1776	4970
1778	4970
1801	4970
1803	4970
1810	4970
1821	4970
1824	4970
1826	4970
1827	4970
1830	4970
1832	4970
1833	4970
1834	4970
1835	4970
1840	4970
1841	4970
1843	4970
1844	4970
1845	4970
1850	4970
1851	4970
1852	4970
1854	4970
1860	4970
1862	4970
1863	4970
1867	4970
1876	4970
1879	4970
1880	4970
1886	4970
1887	4970
1890	4970
1901	4970
1902	4970
1904	4970
1905	4970
1906	4970
1907	4970
1908	4970
1913	4970
1915	4970
1921	4970
1922	4970
1923	4970
1929	4970
1930	4970
1938	4970
1940	4970
1944	4970
1945	4970
1949	4970
1950	4970
1951	4970
1952	4970
1960	4970
1966	4970
1969	4970
1970	4970
1982	4970
1983	4970
1984	4970
1985	4970
2019	4970
2021	4970
2025	4970
2026	4970
2030	4970
2032	4970
2035	4970
2038	4970
2043	4970
2045	4970
2050	4970
2052	4970
2053	4970
2054	4970
2056	4970
2061	4970
2062	4970
2066	4970
2067	4970
2071	4970
2072	4970
2081	4970
2090	4970
2093	4970
2108	4970
2109	4970
2110	4970
2111	4970
2113	4970
2114	4970
2115	4970
2116	4970
2118	4970
2119	4970
2120	4970
2121	4970
2122	4970
2124	4970
2125	4970
2126	4970
2127	4970
2128	4970
2129	4970
2130	4970
2131	4970
2132	4970
2134	4970
2135	4970
2136	4970
2138	4970
2139	4970
2140	4970
2141	4970
2142	4970
2143	4970
2144	4970
2145	4970
2148	4970
2149	4970
2150	4970
2151	4970
2152	4970
2155	4970
2169	4970
2170	4970
2171	4970
2176	4970
2180	4970
2184	4970
2186	4970
2188	4970
2189	4970
2190	4970
2191	4970
2199	4970
2210	4970
2215	4970
2301	4970
2302	4970
2322	4970
2324	4970
2330	4970
2332	4970
2333	4970
2338	4970
2339	4970
2341	4970
2343	4970
2346	4970
2347	4970
2351	4970
2359	4970
2360	4970
2364	4970
2367	4970
2368	4970
2370	4970
2379	4970
2382	4970
2420	4970
2421	4970
2445	4970
2446	4970
2451	4970
2452	4970
2453	4970
2458	4970
2459	4970
2460	4970
2461	4970
2462	4970
2464	4970
2465	4970
2466	4970
2467	4970
2468	4970
2472	4970
2474	4970
2476	4970
2478	4970
2481	4970
2482	4970
2492	4970
2493	4970
2494	4970
2538	4970
2571	4970
2576	4970
2738	4970
2739	4970
2762	4970
2770	4970
3032	4970
3034	4970
3036	4970
3037	4970
3038	4970
3042	4970
3044	4970
3053	4970
3077	4970
3079	4970
3087	4970
3261	4970
3290	4970
3801	4970
3811	4970
3819	4970
3820	4970
3823	4970
3824	4970
3825	4970
3826	4970
3827	4970
3833	4970
3835	4970
3839	4970
3840	4970
3841	4970
3842	4970
3844	4970
3848	4970
3851	4970
3852	4970
3854	4970
3855	4970
3856	4970
3857	4970
3858	4970
3861	4970
3862	4970
3865	4970
3867	4970
3868	4970
3869	4970
3870	4970
3871	4970
3873	4970
3874	4970
3878	4970
3884	4970
3885	4970
3887	4970
7001	4970
7002	4970
7003	4970
7004	4970
7005	4970
7006	4970
7008	4970
7009	4970
7010	4970
7011	4970
7012	4970
7013	4970
7014	4970
7016	4970
7017	4970
7018	4970
7020	4970
7021	4970
7022	4970
7023	4970
7024	4970
7026	4970
7027	4970
7028	4970
7029	4970
7030	4970
7031	4970
7032	4970
7033	4970
7034	4970
7035	4970
7036	4970
7039	4970
7040	4970
7041	4970
7042	4970
7043	4970
7044	4970
7045	4970
7046	4970
7047	4970
7050	4970
7052	4970
7054	4970
7055	4970
7057	4970
7058	4970
7059	4970
7060	4970
7062	4970
7063	4970
7064	4970
7065	4970
7066	4970
7067	4970
7068	4970
7069	4970
7070	4970
7071	4970
7072	4970
7073	4970
7074	4970
7075	4970
7076	4970
7077	4970
7078	4970
7079	4970
7080	4970
7081	4970
7082	4970
7083	4970
7086	4970
7087	4970
7088	4970
7090	4970
7092	4970
7093	4970
7094	4970
7095	4970
7102	4970
7103	4970
7104	4970
7105	4970
7106	4970
7107	4970
7108	4970
7109	4970
7110	4970
7111	4970
7112	4970
7114	4970
7201	4970
7202	4970
7203	4970
7204	4970
7205	4970
7206	4970
7208	4970
7302	4970
7304	4970
7305	4970
7306	4970
7307	4970
7310	4970
7401	4970
7403	4970
7405	4970
7407	4970
7410	4970
7416	4970
7417	4970
7418	4970
7419	4970
7420	4970
7421	4970
7422	4970
7423	4970
7424	4970
7430	4970
7432	4970
7435	4970
7436	4970
7438	4970
7439	4970
7440	4970
7442	4970
7444	4970
7446	4970
7450	4970
7452	4970
7456	4970
7457	4970
7458	4970
7460	4970
7461	4970
7462	4970
7463	4970
7465	4970
7470	4970
7480	4970
7481	4970
7501	4970
7502	4970
7503	4970
7504	4970
7506	4970
7508	4970
7512	4970
7513	4970
7514	4970
7522	4970
7524	4970
7601	4970
7603	4970
7604	4970
7605	4970
7606	4970
7607	4970
7620	4970
7621	4970
7624	4970
7626	4970
7627	4970
7628	4970
7630	4970
7631	4970
7632	4970
7640	4970
7641	4970
7642	4970
7643	4970
7644	4970
7645	4970
7646	4970
7647	4970
7648	4970
7649	4970
7650	4970
7652	4970
7656	4970
7657	4970
7660	4970
7661	4970
7662	4970
7663	4970
7666	4970
7670	4970
7675	4970
7676	4970
7677	4970
7701	4970
7702	4970
7704	4970
7711	4970
7712	4970
7716	4970
7717	4970
7718	4970
7719	4970
7720	4970
7721	4970
7722	4970
7723	4970
7724	4970
7726	4970
7727	4970
7728	4970
7730	4970
7731	4970
7732	4970
7733	4970
7734	4970
7735	4970
7737	4970
7738	4970
7739	4970
7740	4970
7746	4970
7747	4970
7748	4970
7750	4970
7751	4970
7753	4970
7755	4970
7756	4970
7757	4970
7758	4970
7760	4970
7762	4970
7764	4970
7801	4970
7803	4970
7821	4970
7822	4970
7826	4970
7827	4970
7828	4970
7830	4970
7834	4970
7836	4970
7843	4970
7847	4970
7848	4970
7849	4970
7850	4970
7852	4970
7853	4970
7856	4970
7857	4970
7860	4970
7865	4970
7866	4970
7869	4970
7871	4970
7874	4970
7876	4970
7878	4970
7885	4970
7901	4970
7920	4970
7921	4970
7922	4970
7924	4970
7927	4970
7928	4970
7930	4970
7931	4970
7932	4970
7933	4970
7934	4970
7935	4970
7936	4970
7940	4970
7945	4970
7946	4970
7950	4970
7960	4970
7974	4970
7976	4970
7980	4970
7981	4970
8001	4970
8002	4970
8003	4970
8004	4970
8005	4970
8006	4970
8007	4970
8008	4970
8009	4970
8010	4970
8012	4970
8014	4970
8015	4970
8016	4970
8019	4970
8020	4970
8021	4970
8022	4970
8026	4970
8027	4970
8028	4970
8029	4970
8030	4970
8031	4970
8032	4970
8033	4970
8034	4970
8035	4970
8036	4970
8041	4970
8043	4970
8045	4970
8046	4970
8048	4970
8049	4970
8050	4970
8051	4970
8052	4970
8053	4970
8054	4970
8055	4970
8056	4970
8057	4970
8059	4970
8060	4970
8061	4970
8062	4970
8063	4970
8065	4970
8066	4970
8067	4970
8068	4970
8069	4970
8070	4970
8071	4970
8075	4970
8077	4970
8078	4970
8079	4970
8080	4970
8081	4970
8083	4970
8084	4970
8085	4970
8086	4970
8087	4970
8088	4970
8089	4970
8090	4970
8091	4970
8092	4970
8093	4970
8094	4970
8096	4970
8097	4970
8098	4970
8102	4970
8103	4970
8104	4970
8105	4970
8106	4970
8107	4970
8108	4970
8109	4970
8110	4970
8312	4970
8318	4970
8322	4970
8328	4970
8343	4970
8344	4970
8501	4970
8502	4970
8505	4970
8510	4970
8511	4970
8512	4970
8514	4970
8515	4970
8518	4970
8527	4970
8530	4970
8533	4970
8535	4970
8536	4970
8551	4970
8553	4970
8554	4970
8555	4970
8558	4970
8559	4970
8562	4970
8701	4970
8720	4970
8721	4970
8722	4970
8723	4970
8724	4970
8730	4970
8731	4970
8732	4970
8733	4970
8734	4970
8735	4970
8736	4970
8738	4970
8739	4970
8740	4970
8741	4970
8742	4970
8750	4970
8751	4970
8752	4970
8753	4970
8755	4970
8757	4970
8758	4970
8759	4970
8801	4970
8802	4970
8804	4970
8805	4970
8807	4970
8809	4970
8810	4970
8812	4970
8816	4970
8817	4970
8820	4970
8822	4970
8823	4970
8824	4970
8825	4970
8826	4970
8827	4970
8828	4970
8829	4970
8830	4970
8831	4970
8833	4970
8835	4970
8836	4970
8837	4970
8840	4970
8844	4970
8846	4970
8848	4970
8850	4970
8852	4970
8853	4970
8854	4970
8857	4970
8859	4970
8861	4970
8863	4970
8867	4970
8869	4970
8872	4970
8873	4970
8876	4970
8879	4970
8880	4970
8882	4970
8884	4970
8887	4970
8889	4970
8901	4970
8902	4970
8904	4970
10001	4970
10002	4970
10003	4970
10004	4970
10005	4970
10006	4970
10007	4970
10009	4970
10010	4970
10011	4970
10012	4970
10013	4970
10014	4970
10016	4970
10017	4970
10018	4970
10019	4970
10021	4970
10022	4970
10023	4970
10024	4970
10025	4970
10026	4970
10027	4970
10028	4970
10029	4970
10030	4970
10031	4970
10032	4970
10033	4970
10034	4970
10035	4970
10036	4970
10037	4970
10039	4970
10040	4970
10044	4970
10065	4970
10069	4970
10075	4970
10128	4970
10280	4970
10282	4970
10301	4970
10302	4970
10303	4970
10304	4970
10305	4970
10306	4970
10307	4970
10308	4970
10309	4970
10310	4970
10312	4970
10314	4970
10451	4970
10452	4970
10453	4970
10454	4970
10455	4970
10456	4970
10457	4970
10458	4970
10459	4970
10460	4970
10461	4970
10462	4970
10463	4970
10464	4970
10465	4970
10466	4970
10467	4970
10468	4970
10469	4970
10470	4970
10471	4970
10472	4970
10473	4970
10501	4970
10502	4970
10504	4970
10505	4970
10506	4970
10507	4970
10509	4970
10510	4970
10511	4970
10512	4970
10514	4970
10516	4970
10520	4970
10522	4970
10523	4970
10524	4970
10526	4970
10527	4970
10528	4970
10530	4970
10532	4970
10533	4970
10536	4970
10537	4970
10538	4970
10541	4970
10543	4970
10546	4970
10547	4970
10548	4970
10549	4970
10550	4970
10552	4970
10553	4970
10560	4970
10562	4970
10566	4970
10567	4970
10570	4970
10573	4970
10576	4970
10577	4970
10578	4970
10579	4970
10580	4970
10583	4970
10588	4970
10589	4970
10590	4970
10591	4970
10594	4970
10595	4970
10596	4970
10597	4970
10598	4970
10601	4970
10603	4970
10604	4970
10605	4970
10606	4970
10607	4970
10701	4970
10703	4970
10704	4970
10705	4970
10706	4970
10707	4970
10708	4970
10709	4970
10710	4970
10801	4970
10803	4970
10804	4970
10805	4970
10901	4970
10913	4970
10920	4970
10923	4970
10927	4970
10931	4970
10952	4970
10954	4970
10956	4970
10960	4970
10962	4970
10964	4970
10965	4970
10968	4970
10970	4970
10974	4970
10976	4970
10977	4970
10980	4970
10983	4970
10984	4970
10986	4970
10989	4970
10993	4970
10994	4970
11001	4970
11003	4970
11004	4970
11010	4970
11020	4970
11021	4970
11023	4970
11024	4970
11030	4970
11040	4970
11050	4970
11096	4970
11101	4970
11102	4970
11103	4970
11104	4970
11105	4970
11106	4970
11201	4970
11203	4970
11204	4970
11205	4970
11206	4970
11207	4970
11208	4970
11209	4970
11210	4970
11211	4970
11212	4970
11213	4970
11214	4970
11215	4970
11216	4970
11217	4970
11218	4970
11219	4970
11220	4970
11221	4970
11222	4970
11223	4970
11224	4970
11225	4970
11226	4970
11228	4970
11229	4970
11230	4970
11231	4970
11232	4970
11233	4970
11234	4970
11235	4970
11236	4970
11237	4970
11238	4970
11239	4970
11249	4970
11354	4970
11355	4970
11356	4970
11357	4970
11358	4970
11360	4970
11361	4970
11362	4970
11363	4970
11364	4970
11365	4970
11366	4970
11367	4970
11368	4970
11369	4970
11370	4970
11372	4970
11373	4970
11374	4970
11375	4970
11377	4970
11378	4970
11379	4970
11385	4970
11411	4970
11412	4970
11413	4970
11414	4970
11415	4970
11416	4970
11417	4970
11418	4970
11419	4970
11420	4970
11421	4970
11422	4970
11423	4970
11426	4970
11427	4970
11428	4970
11429	4970
11432	4970
11433	4970
11434	4970
11435	4970
11436	4970
11501	4970
11507	4970
11509	4970
11510	4970
11514	4970
11516	4970
11518	4970
11520	4970
11530	4970
11542	4970
11545	4970
11547	4970
11548	4970
11550	4970
11552	4970
11553	4970
11554	4970
11557	4970
11558	4970
11559	4970
11560	4970
11561	4970
11563	4970
11565	4970
11566	4970
11568	4970
11569	4970
11570	4970
11572	4970
11575	4970
11576	4970
11577	4970
11579	4970
11580	4970
11581	4970
11590	4970
11596	4970
11598	4970
11691	4970
11692	4970
11694	4970
11701	4970
11702	4970
11703	4970
11704	4970
11705	4970
11706	4970
11709	4970
11710	4970
11713	4970
11714	4970
11715	4970
11716	4970
11717	4970
11718	4970
11719	4970
11720	4970
11721	4970
11722	4970
11724	4970
11725	4970
11726	4970
11727	4970
11729	4970
11730	4970
11731	4970
11732	4970
11733	4970
11735	4970
11738	4970
11739	4970
11740	4970
11741	4970
11742	4970
11743	4970
11746	4970
11747	4970
11749	4970
11751	4970
11752	4970
11753	4970
11754	4970
11755	4970
11756	4970
11757	4970
11758	4970
11762	4970
11763	4970
11764	4970
11765	4970
11766	4970
11767	4970
11768	4970
11769	4970
11770	4970
11771	4970
11772	4970
11776	4970
11777	4970
11778	4970
11779	4970
11780	4970
11782	4970
11783	4970
11784	4970
11786	4970
11787	4970
11788	4970
11789	4970
11790	4970
11791	4970
11792	4970
11793	4970
11795	4970
11796	4970
11797	4970
11798	4970
11801	4970
11803	4970
11804	4970
11901	4970
11930	4970
11932	4970
11933	4970
11934	4970
11935	4970
11937	4970
11939	4970
11940	4970
11941	4970
11942	4970
11944	4970
11946	4970
11948	4970
11949	4970
11950	4970
11952	4970
11953	4970
11954	4970
11955	4970
11957	4970
11958	4970
11959	4970
11960	4970
11961	4970
11962	4970
11963	4970
11964	4970
11965	4970
11967	4970
11968	4970
11971	4970
11972	4970
11975	4970
11976	4970
11977	4970
11978	4970
11980	4970
12563	4970
15001	4970
15003	4970
15005	4970
15006	4970
15007	4970
15009	4970
15010	4970
15012	4970
15014	4970
15015	4970
15017	4970
15018	4970
15019	4970
15021	4970
15022	4970
15024	4970
15025	4970
15026	4970
15027	4970
15030	4970
15031	4970
15033	4970
15034	4970
15035	4970
15037	4970
15038	4970
15042	4970
15043	4970
15044	4970
15045	4970
15046	4970
15047	4970
15049	4970
15050	4970
15051	4970
15052	4970
15053	4970
15054	4970
15055	4970
15056	4970
15057	4970
15059	4970
15060	4970
15061	4970
15062	4970
15063	4970
15064	4970
15065	4970
15066	4970
15067	4970
15068	4970
15071	4970
15074	4970
15076	4970
15078	4970
15081	4970
15082	4970
15083	4970
15084	4970
15085	4970
15086	4970
15088	4970
15089	4970
15090	4970
15101	4970
15102	4970
15104	4970
15106	4970
15108	4970
15110	4970
15112	4970
15116	4970
15120	4970
15122	4970
15126	4970
15129	4970
15131	4970
15132	4970
15133	4970
15135	4970
15136	4970
15137	4970
15139	4970
15140	4970
15142	4970
15143	4970
15144	4970
15145	4970
15146	4970
15147	4970
15148	4970
15201	4970
15202	4970
15203	4970
15204	4970
15205	4970
15206	4970
15207	4970
15208	4970
15209	4970
15210	4970
15211	4970
15212	4970
15213	4970
15214	4970
15215	4970
15216	4970
15217	4970
15218	4970
15219	4970
15220	4970
15221	4970
15222	4970
15223	4970
15224	4970
15225	4970
15226	4970
15227	4970
15228	4970
15229	4970
15232	4970
15233	4970
15234	4970
15235	4970
15236	4970
15237	4970
15238	4970
15239	4970
15241	4970
15243	4970
15301	4970
15311	4970
15312	4970
15313	4970
15314	4970
15317	4970
15321	4970
15323	4970
15324	4970
15329	4970
15330	4970
15331	4970
15332	4970
15333	4970
15340	4970
15342	4970
15345	4970
15347	4970
15350	4970
15358	4970
15360	4970
15363	4970
15367	4970
15368	4970
15376	4970
15377	4970
15401	4970
15410	4970
15412	4970
15413	4970
15417	4970
15419	4970
15423	4970
15425	4970
15428	4970
15430	4970
15431	4970
15433	4970
15436	4970
15437	4970
15438	4970
15440	4970
15442	4970
15444	4970
15445	4970
15446	4970
15451	4970
15456	4970
15458	4970
15459	4970
15461	4970
15462	4970
15464	4970
15466	4970
15468	4970
15469	4970
15470	4970
15473	4970
15474	4970
15475	4970
15477	4970
15478	4970
15479	4970
15480	4970
15482	4970
15483	4970
15486	4970
15490	4970
15601	4970
15610	4970
15611	4970
15613	4970
15615	4970
15617	4970
15618	4970
15620	4970
15622	4970
15623	4970
15626	4970
15627	4970
15628	4970
15629	4970
15631	4970
15632	4970
15634	4970
15636	4970
15637	4970
15639	4970
15640	4970
15641	4970
15642	4970
15644	4970
15650	4970
15655	4970
15656	4970
15658	4970
15663	4970
15665	4970
15666	4970
15668	4970
15670	4970
15671	4970
15672	4970
15673	4970
15675	4970
15677	4970
15678	4970
15679	4970
15681	4970
15683	4970
15684	4970
15686	4970
15687	4970
15688	4970
15690	4970
15692	4970
15697	4970
15698	4970
15736	4970
15923	4970
15944	4970
16001	4970
16002	4970
16020	4970
16022	4970
16023	4970
16025	4970
16028	4970
16029	4970
16033	4970
16034	4970
16037	4970
16038	4970
16040	4970
16041	4970
16045	4970
16046	4970
16049	4970
16050	4970
16051	4970
16052	4970
16053	4970
16055	4970
16056	4970
16057	4970
16059	4970
16061	4970
16063	4970
16066	4970
16115	4970
16123	4970
16136	4970
16201	4970
16210	4970
16212	4970
16218	4970
16222	4970
16226	4970
16228	4970
16229	4970
16238	4970
16240	4970
16242	4970
16249	4970
16259	4970
16262	4970
18041	4970
18054	4970
18070	4970
18073	4970
18074	4970
18076	4970
18077	4970
18324	4970
18328	4970
18336	4970
18337	4970
18371	4970
18425	4970
18426	4970
18428	4970
18435	4970
18445	4970
18451	4970
18458	4970
18464	4970
18901	4970
18902	4970
18913	4970
18914	4970
18915	4970
18917	4970
18920	4970
18923	4970
18925	4970
18929	4970
18930	4970
18932	4970
18933	4970
18934	4970
18936	4970
18938	4970
18940	4970
18942	4970
18944	4970
18947	4970
18951	4970
18954	4970
18955	4970
18960	4970
18964	4970
18966	4970
18969	4970
18972	4970
18974	4970
18976	4970
18977	4970
19001	4970
19002	4970
19003	4970
19004	4970
19006	4970
19007	4970
19008	4970
19009	4970
19010	4970
19012	4970
19013	4970
19014	4970
19015	4970
19018	4970
19020	4970
19021	4970
19022	4970
19023	4970
19025	4970
19026	4970
19027	4970
19029	4970
19030	4970
19031	4970
19032	4970
19033	4970
19034	4970
19035	4970
19036	4970
19038	4970
19040	4970
19041	4970
19043	4970
19044	4970
19046	4970
19047	4970
19050	4970
19053	4970
19054	4970
19055	4970
19056	4970
19057	4970
19060	4970
19061	4970
19063	4970
19064	4970
19066	4970
19067	4970
19070	4970
19072	4970
19073	4970
19074	4970
19075	4970
19076	4970
19078	4970
19079	4970
19081	4970
19082	4970
19083	4970
19085	4970
19086	4970
19087	4970
19090	4970
19094	4970
19095	4970
19096	4970
19102	4970
19103	4970
19104	4970
19106	4970
19107	4970
19111	4970
19114	4970
19115	4970
19116	4970
19118	4970
19119	4970
19120	4970
19121	4970
19122	4970
19123	4970
19124	4970
19125	4970
19126	4970
19127	4970
19128	4970
19129	4970
19130	4970
19131	4970
19132	4970
19133	4970
19134	4970
19135	4970
19136	4970
19137	4970
19138	4970
19139	4970
19140	4970
19141	4970
19142	4970
19143	4970
19144	4970
19145	4970
19146	4970
19147	4970
19148	4970
19149	4970
19150	4970
19151	4970
19152	4970
19153	4970
19154	4970
19301	4970
19310	4970
19311	4970
19312	4970
19317	4970
19319	4970
19320	4970
19330	4970
19333	4970
19335	4970
19341	4970
19342	4970
19343	4970
19344	4970
19348	4970
19350	4970
19352	4970
19355	4970
19362	4970
19363	4970
19365	4970
19372	4970
19373	4970
19374	4970
19380	4970
19382	4970
19390	4970
19401	4970
19403	4970
19405	4970
19406	4970
19422	4970
19425	4970
19426	4970
19428	4970
19435	4970
19437	4970
19438	4970
19440	4970
19444	4970
19446	4970
19453	4970
19454	4970
19456	4970
19460	4970
19462	4970
19464	4970
19465	4970
19468	4970
19473	4970
19474	4970
19475	4970
19481	4970
19492	4970
19520	4970
19525	4970
19701	4970
19702	4970
19703	4970
19706	4970
19707	4970
19709	4970
19711	4970
19713	4970
19720	4970
19730	4970
19731	4970
19732	4970
19733	4970
19734	4970
19801	4970
19802	4970
19803	4970
19804	4970
19805	4970
19806	4970
19807	4970
19808	4970
19809	4970
19810	4970
20001	4970
20002	4970
20003	4970
20004	4970
20005	4970
20006	4970
20007	4970
20008	4970
20009	4970
20010	4970
20011	4970
20012	4970
20015	4970
20016	4970
20017	4970
20018	4970
20019	4970
20020	4970
20024	4970
20032	4970
20036	4970
20037	4970
20105	4970
20106	4970
20109	4970
20110	4970
20111	4970
20112	4970
20115	4970
20117	4970
20119	4970
20120	4970
20121	4970
20124	4970
20129	4970
20130	4970
20132	4970
20135	4970
20136	4970
20137	4970
20141	4970
20143	4970
20144	4970
20147	4970
20148	4970
20151	4970
20152	4970
20155	4970
20158	4970
20164	4970
20165	4970
20166	4970
20169	4970
20170	4970
20171	4970
20175	4970
20176	4970
20180	4970
20181	4970
20184	4970
20186	4970
20187	4970
20190	4970
20191	4970
20194	4970
20197	4970
20198	4970
20601	4970
20602	4970
20603	4970
20607	4970
20608	4970
20611	4970
20612	4970
20613	4970
20615	4970
20616	4970
20617	4970
20622	4970
20623	4970
20625	4970
20629	4970
20632	4970
20637	4970
20639	4970
20640	4970
20645	4970
20646	4970
20657	4970
20658	4970
20662	4970
20664	4970
20675	4970
20676	4970
20677	4970
20678	4970
20685	4970
20688	4970
20689	4970
20693	4970
20695	4970
20705	4970
20706	4970
20707	4970
20708	4970
20710	4970
20711	4970
20712	4970
20714	4970
20715	4970
20716	4970
20720	4970
20721	4970
20722	4970
20723	4970
20724	4970
20732	4970
20733	4970
20735	4970
20736	4970
20737	4970
20740	4970
20743	4970
20744	4970
20745	4970
20746	4970
20747	4970
20748	4970
20751	4970
20754	4970
20758	4970
20759	4970
20763	4970
20764	4970
20765	4970
20769	4970
20770	4970
20772	4970
20774	4970
20776	4970
20777	4970
20778	4970
20779	4970
20781	4970
20782	4970
20783	4970
20784	4970
20785	4970
20794	4970
20812	4970
20814	4970
20815	4970
20816	4970
20817	4970
20818	4970
20832	4970
20833	4970
20837	4970
20838	4970
20839	4970
20841	4970
20842	4970
20850	4970
20851	4970
20852	4970
20853	4970
20854	4970
20855	4970
20860	4970
20861	4970
20862	4970
20866	4970
20868	4970
20871	4970
20872	4970
20874	4970
20876	4970
20877	4970
20878	4970
20879	4970
20880	4970
20882	4970
20886	4970
20895	4970
20896	4970
20901	4970
20902	4970
20903	4970
20904	4970
20905	4970
20906	4970
20910	4970
20912	4970
21001	4970
21009	4970
21012	4970
21013	4970
21014	4970
21015	4970
21017	4970
21028	4970
21029	4970
21030	4970
21032	4970
21034	4970
21035	4970
21036	4970
21037	4970
21040	4970
21042	4970
21043	4970
21044	4970
21045	4970
21046	4970
21047	4970
21048	4970
21050	4970
21051	4970
21052	4970
21053	4970
21054	4970
21056	4970
21057	4970
21060	4970
21061	4970
21071	4970
21074	4970
21075	4970
21076	4970
21077	4970
21078	4970
21082	4970
21084	4970
21085	4970
21087	4970
21090	4970
21093	4970
21102	4970
21104	4970
21108	4970
21111	4970
21113	4970
21114	4970
21117	4970
21120	4970
21122	4970
21128	4970
21131	4970
21132	4970
21133	4970
21136	4970
21140	4970
21144	4970
21146	4970
21152	4970
21153	4970
21154	4970
21155	4970
21156	4970
21157	4970
21158	4970
21160	4970
21161	4970
21162	4970
21163	4970
21201	4970
21202	4970
21204	4970
21205	4970
21206	4970
21207	4970
21208	4970
21209	4970
21210	4970
21211	4970
21212	4970
21213	4970
21214	4970
21215	4970
21216	4970
21217	4970
21218	4970
21219	4970
21220	4970
21221	4970
21222	4970
21223	4970
21224	4970
21225	4970
21226	4970
21227	4970
21228	4970
21229	4970
21230	4970
21231	4970
21234	4970
21236	4970
21237	4970
21239	4970
21244	4970
21286	4970
21401	4970
21403	4970
21405	4970
21409	4970
21607	4970
21617	4970
21619	4970
21623	4970
21628	4970
21638	4970
21651	4970
21657	4970
21658	4970
21666	4970
21668	4970
21701	4970
21702	4970
21703	4970
21704	4970
21710	4970
21716	4970
21723	4970
21727	4970
21737	4970
21738	4970
21754	4970
21755	4970
21757	4970
21758	4970
21762	4970
21769	4970
21770	4970
21771	4970
21773	4970
21774	4970
21776	4970
21777	4970
21778	4970
21780	4970
21784	4970
21787	4970
21788	4970
21791	4970
21793	4970
21794	4970
21797	4970
21798	4970
21901	4970
21903	4970
21904	4970
21911	4970
21912	4970
21913	4970
21914	4970
21915	4970
21917	4970
21918	4970
21919	4970
21920	4970
21921	4970
22003	4970
22015	4970
22025	4970
22026	4970
22027	4970
22030	4970
22031	4970
22032	4970
22033	4970
22039	4970
22041	4970
22042	4970
22043	4970
22044	4970
22046	4970
22060	4970
22066	4970
22079	4970
22101	4970
22102	4970
22124	4970
22125	4970
22134	4970
22150	4970
22151	4970
22152	4970
22153	4970
22172	4970
22180	4970
22181	4970
22182	4970
22191	4970
22192	4970
22193	4970
22201	4970
22202	4970
22203	4970
22204	4970
22205	4970
22206	4970
22207	4970
22209	4970
22213	4970
22301	4970
22302	4970
22303	4970
22304	4970
22305	4970
22306	4970
22307	4970
22308	4970
22309	4970
22310	4970
22311	4970
22312	4970
22314	4970
22315	4970
22401	4970
22405	4970
22406	4970
22407	4970
22408	4970
22534	4970
22551	4970
22553	4970
22554	4970
22556	4970
22610	4970
22611	4970
22620	4970
22623	4970
22627	4970
22630	4970
22639	4970
22640	4970
22642	4970
22643	4970
22663	4970
22701	4970
22709	4970
22712	4970
22713	4970
22714	4970
22715	4970
22716	4970
22718	4970
22719	4970
22720	4970
22722	4970
22724	4970
22726	4970
22727	4970
22728	4970
22731	4970
22732	4970
22733	4970
22734	4970
22735	4970
22736	4970
22737	4970
22738	4970
22740	4970
22742	4970
22743	4970
22747	4970
22749	4970
25414	4970
25425	4970
25430	4970
25438	4970
25442	4970
25443	4970
25446	4970
27013	4970
27054	4970
28006	4970
28012	4970
28016	4970
28021	4970
28023	4970
28025	4970
28027	4970
28031	4970
28032	4970
28033	4970
28034	4970
28036	4970
28037	4970
28052	4970
28054	4970
28056	4970
28071	4970
28075	4970
28078	4970
28079	4970
28080	4970
28081	4970
28083	4970
28088	4970
28091	4970
28092	4970
28098	4970
28101	4970
28103	4970
28104	4970
28105	4970
28107	4970
28110	4970
28112	4970
28115	4970
28117	4970
28119	4970
28120	4970
28124	4970
28125	4970
28133	4970
28134	4970
28135	4970
28138	4970
28144	4970
28146	4970
28147	4970
28159	4970
28164	4970
28166	4970
28170	4970
28173	4970
28174	4970
28202	4970
28203	4970
28204	4970
28205	4970
28206	4970
28207	4970
28208	4970
28209	4970
28210	4970
28211	4970
28212	4970
28213	4970
28214	4970
28215	4970
28216	4970
28217	4970
28226	4970
28227	4970
28262	4970
28269	4970
28270	4970
28273	4970
28277	4970
28278	4970
28625	4970
28634	4970
28660	4970
28677	4970
28689	4970
29031	4970
29055	4970
29058	4970
29067	4970
29704	4970
29706	4970
29707	4970
29708	4970
29710	4970
29712	4970
29714	4970
29715	4970
29717	4970
29720	4970
29726	4970
29729	4970
29730	4970
29732	4970
29742	4970
29743	4970
29745	4970
30002	4970
30004	4970
30005	4970
30008	4970
30009	4970
30011	4970
30012	4970
30013	4970
30014	4970
30016	4970
30017	4970
30019	4970
30021	4970
30022	4970
30024	4970
30025	4970
30028	4970
30030	4970
30032	4970
30033	4970
30034	4970
30035	4970
30038	4970
30039	4970
30040	4970
30041	4970
30043	4970
30044	4970
30045	4970
30046	4970
30047	4970
30052	4970
30054	4970
30055	4970
30056	4970
30058	4970
30060	4970
30062	4970
30064	4970
30066	4970
30067	4970
30068	4970
30071	4970
30072	4970
30075	4970
30076	4970
30078	4970
30079	4970
30080	4970
30082	4970
30083	4970
30084	4970
30087	4970
30088	4970
30092	4970
30093	4970
30094	4970
30096	4970
30097	4970
30101	4970
30102	4970
30103	4970
30106	4970
30107	4970
30108	4970
30110	4970
30113	4970
30114	4970
30115	4970
30116	4970
30117	4970
30120	4970
30121	4970
30122	4970
30126	4970
30127	4970
30132	4970
30134	4970
30135	4970
30137	4970
30141	4970
30143	4970
30144	4970
30145	4970
30148	4970
30152	4970
30157	4970
30168	4970
30170	4970
30171	4970
30175	4970
30176	4970
30177	4970
30178	4970
30179	4970
30180	4970
30182	4970
30183	4970
30184	4970
30185	4970
30187	4970
30188	4970
30189	4970
30204	4970
30205	4970
30206	4970
30213	4970
30214	4970
30215	4970
30216	4970
30217	4970
30218	4970
30220	4970
30222	4970
30223	4970
30224	4970
30228	4970
30233	4970
30234	4970
30236	4970
30238	4970
30248	4970
30251	4970
30252	4970
30253	4970
30256	4970
30257	4970
30258	4970
30259	4970
30260	4970
30263	4970
30265	4970
30268	4970
30269	4970
30273	4970
30274	4970
30276	4970
30277	4970
30281	4970
30288	4970
30290	4970
30291	4970
30292	4970
30293	4970
30294	4970
30295	4970
30296	4970
30297	4970
30303	4970
30305	4970
30306	4970
30307	4970
30308	4970
30309	4970
30310	4970
30311	4970
30312	4970
30313	4970
30314	4970
30315	4970
30316	4970
30317	4970
30318	4970
30319	4970
30324	4970
30326	4970
30327	4970
30328	4970
30329	4970
30331	4970
30336	4970
30337	4970
30338	4970
30339	4970
30340	4970
30341	4970
30342	4970
30344	4970
30345	4970
30346	4970
30349	4970
30350	4970
30354	4970
30360	4970
30363	4970
30517	4970
30518	4970
30519	4970
30534	4970
30548	4970
30620	4970
30625	4970
30641	4970
30650	4970
30655	4970
30656	4970
30663	4970
30666	4970
30680	4970
31064	4970
31085	4970
31816	4970
31830	4970
32102	4970
32159	4970
32701	4970
32702	4970
32703	4970
32707	4970
32708	4970
32709	4970
32712	4970
32714	4970
32726	4970
32730	4970
32732	4970
32735	4970
32736	4970
32746	4970
32750	4970
32751	4970
32757	4970
32765	4970
32766	4970
32767	4970
32771	4970
32773	4970
32776	4970
32778	4970
32779	4970
32784	4970
32789	4970
32792	4970
32798	4970
32801	4970
32803	4970
32804	4970
32805	4970
32806	4970
32807	4970
32808	4970
32809	4970
32810	4970
32811	4970
32812	4970
32814	4970
32817	4970
32818	4970
32819	4970
32820	4970
32821	4970
32822	4970
32824	4970
32825	4970
32826	4970
32827	4970
32828	4970
32829	4970
32832	4970
32833	4970
32835	4970
32836	4970
32837	4970
32839	4970
33004	4970
33009	4970
33010	4970
33012	4970
33013	4970
33014	4970
33015	4970
33016	4970
33018	4970
33019	4970
33020	4970
33021	4970
33023	4970
33024	4970
33025	4970
33026	4970
33027	4970
33028	4970
33029	4970
33030	4970
33031	4970
33032	4970
33033	4970
33034	4970
33035	4970
33054	4970
33055	4970
33056	4970
33060	4970
33062	4970
33063	4970
33064	4970
33065	4970
33066	4970
33067	4970
33068	4970
33069	4970
33071	4970
33073	4970
33076	4970
33109	4970
33122	4970
33125	4970
33126	4970
33127	4970
33128	4970
33129	4970
33130	4970
33131	4970
33132	4970
33133	4970
33134	4970
33135	4970
33136	4970
33137	4970
33138	4970
33139	4970
33140	4970
33141	4970
33142	4970
33143	4970
33144	4970
33145	4970
33146	4970
33147	4970
33149	4970
33150	4970
33154	4970
33155	4970
33156	4970
33157	4970
33158	4970
33160	4970
33161	4970
33162	4970
33165	4970
33166	4970
33167	4970
33168	4970
33169	4970
33170	4970
33172	4970
33173	4970
33174	4970
33175	4970
33176	4970
33177	4970
33178	4970
33179	4970
33180	4970
33181	4970
33182	4970
33183	4970
33184	4970
33185	4970
33186	4970
33187	4970
33189	4970
33190	4970
33193	4970
33194	4970
33196	4970
33301	4970
33304	4970
33305	4970
33306	4970
33308	4970
33309	4970
33311	4970
33312	4970
33313	4970
33314	4970
33315	4970
33316	4970
33317	4970
33319	4970
33321	4970
33322	4970
33323	4970
33324	4970
33325	4970
33326	4970
33327	4970
33328	4970
33330	4970
33331	4970
33332	4970
33334	4970
33351	4970
33401	4970
33403	4970
33404	4970
33405	4970
33406	4970
33407	4970
33408	4970
33409	4970
33410	4970
33411	4970
33412	4970
33413	4970
33414	4970
33415	4970
33417	4970
33418	4970
33426	4970
33428	4970
33430	4970
33431	4970
33432	4970
33433	4970
33434	4970
33435	4970
33436	4970
33437	4970
33441	4970
33442	4970
33444	4970
33445	4970
33446	4970
33449	4970
33458	4970
33460	4970
33461	4970
33462	4970
33463	4970
33467	4970
33470	4970
33472	4970
33473	4970
33476	4970
33477	4970
33478	4970
33480	4970
33483	4970
33484	4970
33486	4970
33487	4970
33493	4970
33496	4970
33498	4970
33510	4970
33511	4970
33523	4970
33525	4970
33527	4970
33534	4970
33540	4970
33541	4970
33542	4970
33543	4970
33544	4970
33545	4970
33547	4970
33548	4970
33549	4970
33556	4970
33558	4970
33559	4970
33563	4970
33565	4970
33566	4970
33567	4970
33569	4970
33570	4970
33572	4970
33573	4970
33576	4970
33578	4970
33579	4970
33584	4970
33592	4970
33594	4970
33596	4970
33598	4970
33602	4970
33603	4970
33604	4970
33605	4970
33606	4970
33607	4970
33609	4970
33610	4970
33611	4970
33612	4970
33613	4970
33614	4970
33615	4970
33616	4970
33617	4970
33618	4970
33619	4970
33624	4970
33625	4970
33626	4970
33629	4970
33634	4970
33635	4970
33637	4970
33647	4970
33701	4970
33702	4970
33703	4970
33704	4970
33705	4970
33706	4970
33707	4970
33708	4970
33709	4970
33710	4970
33711	4970
33712	4970
33713	4970
33714	4970
33715	4970
33716	4970
33755	4970
33756	4970
33759	4970
33760	4970
33761	4970
33762	4970
33763	4970
33764	4970
33765	4970
33767	4970
33770	4970
33771	4970
33772	4970
33773	4970
33774	4970
33776	4970
33777	4970
33778	4970
33781	4970
33782	4970
33785	4970
33786	4970
33848	4970
34601	4970
34602	4970
34604	4970
34606	4970
34607	4970
34608	4970
34609	4970
34610	4970
34613	4970
34614	4970
34637	4970
34638	4970
34639	4970
34652	4970
34653	4970
34654	4970
34655	4970
34661	4970
34667	4970
34668	4970
34669	4970
34677	4970
34681	4970
34683	4970
34684	4970
34685	4970
34688	4970
34689	4970
34690	4970
34691	4970
34695	4970
34698	4970
34705	4970
34711	4970
34714	4970
34715	4970
34731	4970
34734	4970
34736	4970
34737	4970
34739	4970
34741	4970
34743	4970
34744	4970
34746	4970
34747	4970
34748	4970
34753	4970
34756	4970
34758	4970
34760	4970
34761	4970
34762	4970
34769	4970
34771	4970
34772	4970
34773	4970
34786	4970
34787	4970
34788	4970
34797	4970
41001	4970
41002	4970
41004	4970
41005	4970
41006	4970
41007	4970
41010	4970
41011	4970
41014	4970
41015	4970
41016	4970
41017	4970
41018	4970
41030	4970
41033	4970
41035	4970
41040	4970
41042	4970
41043	4970
41044	4970
41045	4970
41046	4970
41048	4970
41051	4970
41059	4970
41063	4970
41071	4970
41073	4970
41074	4970
41075	4970
41076	4970
41080	4970
41085	4970
41091	4970
41092	4970
41094	4970
41095	4970
41097	4970
45001	4970
45002	4970
45005	4970
45011	4970
45013	4970
45014	4970
45015	4970
45030	4970
45032	4970
45034	4970
45036	4970
45039	4970
45040	4970
45042	4970
45044	4970
45050	4970
45052	4970
45053	4970
45054	4970
45056	4970
45062	4970
45064	4970
45065	4970
45066	4970
45067	4970
45068	4970
45069	4970
45101	4970
45102	4970
45103	4970
45106	4970
45111	4970
45118	4970
45120	4970
45121	4970
45122	4970
45130	4970
45140	4970
45150	4970
45152	4970
45153	4970
45154	4970
45157	4970
45160	4970
45162	4970
45167	4970
45168	4970
45171	4970
45174	4970
45176	4970
45202	4970
45203	4970
45204	4970
45205	4970
45206	4970
45207	4970
45208	4970
45209	4970
45211	4970
45212	4970
45213	4970
45214	4970
45215	4970
45216	4970
45217	4970
45218	4970
45219	4970
45220	4970
45223	4970
45224	4970
45225	4970
45226	4970
45227	4970
45229	4970
45230	4970
45231	4970
45232	4970
45233	4970
45236	4970
45237	4970
45238	4970
45239	4970
45240	4970
45241	4970
45242	4970
45243	4970
45244	4970
45245	4970
45246	4970
45247	4970
45248	4970
45249	4970
45251	4970
45252	4970
45255	4970
46301	4970
46303	4970
46304	4970
46307	4970
46310	4970
46311	4970
46312	4970
46319	4970
46320	4970
46321	4970
46322	4970
46323	4970
46324	4970
46327	4970
46341	4970
46342	4970
46347	4970
46349	4970
46356	4970
46368	4970
46373	4970
46375	4970
46376	4970
46377	4970
46379	4970
46383	4970
46385	4970
46392	4970
46393	4970
46394	4970
46402	4970
46403	4970
46404	4970
46405	4970
46406	4970
46407	4970
46408	4970
46409	4970
46410	4970
47001	4970
47003	4970
47010	4970
47012	4970
47016	4970
47018	4970
47022	4970
47024	4970
47025	4970
47030	4970
47032	4970
47036	4970
47040	4970
47060	4970
47325	4970
47353	4970
47922	4970
47943	4970
47948	4970
47951	4970
47963	4970
47977	4970
47978	4970
48001	4970
48002	4970
48003	4970
48005	4970
48006	4970
48009	4970
48014	4970
48015	4970
48017	4970
48021	4970
48022	4970
48023	4970
48025	4970
48026	4970
48027	4970
48028	4970
48030	4970
48032	4970
48033	4970
48034	4970
48035	4970
48036	4970
48038	4970
48039	4970
48040	4970
48041	4970
48042	4970
48043	4970
48044	4970
48045	4970
48047	4970
48048	4970
48049	4970
48050	4970
48051	4970
48054	4970
48059	4970
48060	4970
48062	4970
48063	4970
48064	4970
48065	4970
48066	4970
48067	4970
48069	4970
48070	4970
48071	4970
48072	4970
48073	4970
48074	4970
48075	4970
48076	4970
48079	4970
48080	4970
48081	4970
48082	4970
48083	4970
48084	4970
48085	4970
48088	4970
48089	4970
48091	4970
48092	4970
48093	4970
48094	4970
48095	4970
48096	4970
48097	4970
48098	4970
48101	4970
48111	4970
48114	4970
48116	4970
48120	4970
48122	4970
48124	4970
48125	4970
48126	4970
48127	4970
48128	4970
48134	4970
48135	4970
48137	4970
48138	4970
48139	4970
48141	4970
48146	4970
48150	4970
48152	4970
48154	4970
48164	4970
48165	4970
48167	4970
48168	4970
48169	4970
48170	4970
48173	4970
48174	4970
48178	4970
48180	4970
48183	4970
48184	4970
48185	4970
48186	4970
48187	4970
48188	4970
48192	4970
48193	4970
48195	4970
48201	4970
48202	4970
48203	4970
48204	4970
48205	4970
48206	4970
48207	4970
48208	4970
48209	4970
48210	4970
48211	4970
48212	4970
48213	4970
48214	4970
48215	4970
48216	4970
48217	4970
48218	4970
48219	4970
48220	4970
48221	4970
48223	4970
48224	4970
48225	4970
48226	4970
48227	4970
48228	4970
48229	4970
48230	4970
48234	4970
48235	4970
48236	4970
48237	4970
48238	4970
48239	4970
48240	4970
48301	4970
48302	4970
48304	4970
48306	4970
48307	4970
48309	4970
48310	4970
48312	4970
48313	4970
48314	4970
48315	4970
48316	4970
48317	4970
48320	4970
48322	4970
48323	4970
48324	4970
48326	4970
48327	4970
48328	4970
48329	4970
48331	4970
48334	4970
48335	4970
48336	4970
48340	4970
48341	4970
48342	4970
48346	4970
48348	4970
48350	4970
48353	4970
48356	4970
48357	4970
48359	4970
48360	4970
48362	4970
48363	4970
48367	4970
48370	4970
48371	4970
48374	4970
48375	4970
48377	4970
48380	4970
48381	4970
48382	4970
48383	4970
48386	4970
48390	4970
48393	4970
48412	4970
48421	4970
48428	4970
48430	4970
48440	4970
48442	4970
48444	4970
48446	4970
48455	4970
48461	4970
48462	4970
48464	4970
48727	4970
48760	4970
48836	4970
48843	4970
48855	4970
53104	4970
53140	4970
53142	4970
53143	4970
53144	4970
53158	4970
53168	4970
53170	4970
53179	4970
53181	4970
54002	4970
54003	4970
54007	4970
54011	4970
54013	4970
54014	4970
54015	4970
54016	4970
54017	4970
54021	4970
54022	4970
54023	4970
54025	4970
54027	4970
54028	4970
54082	4970
54723	4970
54740	4970
54750	4970
54761	4970
54767	4970
55001	4970
55003	4970
55005	4970
55008	4970
55011	4970
55012	4970
55013	4970
55014	4970
55016	4970
55017	4970
55020	4970
55024	4970
55025	4970
55031	4970
55032	4970
55033	4970
55038	4970
55040	4970
55042	4970
55043	4970
55044	4970
55045	4970
55047	4970
55054	4970
55055	4970
55056	4970
55065	4970
55068	4970
55069	4970
55070	4970
55071	4970
55073	4970
55074	4970
55075	4970
55076	4970
55077	4970
55079	4970
55080	4970
55082	4970
55084	4970
55085	4970
55088	4970
55090	4970
55092	4970
55101	4970
55102	4970
55103	4970
55104	4970
55105	4970
55106	4970
55107	4970
55108	4970
55109	4970
55110	4970
55112	4970
55113	4970
55114	4970
55115	4970
55116	4970
55117	4970
55118	4970
55119	4970
55120	4970
55121	4970
55122	4970
55123	4970
55124	4970
55125	4970
55126	4970
55127	4970
55128	4970
55129	4970
55130	4970
55301	4970
55302	4970
55303	4970
55304	4970
55305	4970
55306	4970
55308	4970
55309	4970
55311	4970
55313	4970
55315	4970
55316	4970
55317	4970
55318	4970
55319	4970
55320	4970
55321	4970
55322	4970
55327	4970
55328	4970
55330	4970
55331	4970
55337	4970
55339	4970
55340	4970
55341	4970
55343	4970
55344	4970
55345	4970
55346	4970
55347	4970
55349	4970
55352	4970
55356	4970
55357	4970
55358	4970
55359	4970
55360	4970
55362	4970
55363	4970
55364	4970
55367	4970
55368	4970
55369	4970
55371	4970
55372	4970
55373	4970
55374	4970
55375	4970
55376	4970
55378	4970
55379	4970
55384	4970
55386	4970
55387	4970
55388	4970
55390	4970
55391	4970
55397	4970
55398	4970
55401	4970
55403	4970
55404	4970
55405	4970
55406	4970
55407	4970
55408	4970
55409	4970
55410	4970
55411	4970
55412	4970
55413	4970
55414	4970
55415	4970
55416	4970
55417	4970
55418	4970
55419	4970
55420	4970
55421	4970
55422	4970
55423	4970
55424	4970
55425	4970
55426	4970
55427	4970
55428	4970
55429	4970
55430	4970
55431	4970
55432	4970
55433	4970
55434	4970
55435	4970
55436	4970
55437	4970
55438	4970
55439	4970
55441	4970
55442	4970
55443	4970
55444	4970
55445	4970
55446	4970
55447	4970
55448	4970
55449	4970
55454	4970
56011	4970
56017	4970
56028	4970
56050	4970
56057	4970
56058	4970
56063	4970
56069	4970
56071	4970
56096	4970
56304	4970
56330	4970
56353	4970
56359	4970
56386	4970
60002	4970
60004	4970
60005	4970
60007	4970
60008	4970
60010	4970
60012	4970
60013	4970
60014	4970
60015	4970
60016	4970
60018	4970
60020	4970
60021	4970
60022	4970
60025	4970
60026	4970
60029	4970
60030	4970
60031	4970
60033	4970
60034	4970
60035	4970
60040	4970
60041	4970
60042	4970
60043	4970
60044	4970
60045	4970
60046	4970
60047	4970
60048	4970
60050	4970
60051	4970
60053	4970
60056	4970
60060	4970
60061	4970
60062	4970
60064	4970
60067	4970
60068	4970
60069	4970
60070	4970
60071	4970
60072	4970
60073	4970
60074	4970
60076	4970
60077	4970
60081	4970
60083	4970
60084	4970
60085	4970
60087	4970
60089	4970
60090	4970
60091	4970
60093	4970
60096	4970
60097	4970
60098	4970
60099	4970
60101	4970
60102	4970
60103	4970
60104	4970
60106	4970
60107	4970
60108	4970
60109	4970
60110	4970
60111	4970
60112	4970
60115	4970
60118	4970
60119	4970
60120	4970
60123	4970
60124	4970
60126	4970
60130	4970
60131	4970
60133	4970
60134	4970
60135	4970
60136	4970
60137	4970
60139	4970
60140	4970
60142	4970
60143	4970
60145	4970
60146	4970
60148	4970
60150	4970
60151	4970
60152	4970
60153	4970
60154	4970
60155	4970
60156	4970
60157	4970
60160	4970
60162	4970
60163	4970
60164	4970
60165	4970
60169	4970
60171	4970
60172	4970
60173	4970
60174	4970
60175	4970
60176	4970
60177	4970
60178	4970
60180	4970
60181	4970
60184	4970
60185	4970
60187	4970
60188	4970
60189	4970
60190	4970
60191	4970
60192	4970
60193	4970
60194	4970
60195	4970
60201	4970
60202	4970
60203	4970
60301	4970
60302	4970
60304	4970
60305	4970
60401	4970
60402	4970
60403	4970
60404	4970
60406	4970
60407	4970
60408	4970
60409	4970
60410	4970
60411	4970
60415	4970
60416	4970
60417	4970
60418	4970
60419	4970
60421	4970
60422	4970
60423	4970
60424	4970
60425	4970
60426	4970
60428	4970
60429	4970
60430	4970
60431	4970
60432	4970
60433	4970
60435	4970
60436	4970
60438	4970
60439	4970
60440	4970
60441	4970
60442	4970
60443	4970
60444	4970
60445	4970
60446	4970
60447	4970
60448	4970
60449	4970
60450	4970
60451	4970
60452	4970
60453	4970
60455	4970
60456	4970
60457	4970
60458	4970
60459	4970
60461	4970
60462	4970
60463	4970
60464	4970
60465	4970
60466	4970
60467	4970
60468	4970
60469	4970
60471	4970
60472	4970
60473	4970
60474	4970
60475	4970
60476	4970
60477	4970
60478	4970
60479	4970
60480	4970
60481	4970
60482	4970
60484	4970
60487	4970
60490	4970
60491	4970
60501	4970
60502	4970
60503	4970
60504	4970
60505	4970
60506	4970
60510	4970
60511	4970
60512	4970
60513	4970
60514	4970
60515	4970
60516	4970
60517	4970
60520	4970
60521	4970
60523	4970
60525	4970
60526	4970
60527	4970
60532	4970
60534	4970
60538	4970
60540	4970
60541	4970
60542	4970
60543	4970
60544	4970
60545	4970
60546	4970
60548	4970
60550	4970
60554	4970
60555	4970
60556	4970
60558	4970
60559	4970
60560	4970
60561	4970
60563	4970
60564	4970
60565	4970
60585	4970
60586	4970
60601	4970
60602	4970
60603	4970
60604	4970
60605	4970
60606	4970
60607	4970
60608	4970
60609	4970
60610	4970
60611	4970
60612	4970
60613	4970
60614	4970
60615	4970
60616	4970
60617	4970
60618	4970
60619	4970
60620	4970
60621	4970
60622	4970
60623	4970
60624	4970
60625	4970
60626	4970
60628	4970
60629	4970
60630	4970
60631	4970
60632	4970
60633	4970
60634	4970
60636	4970
60637	4970
60638	4970
60639	4970
60640	4970
60641	4970
60642	4970
60643	4970
60644	4970
60645	4970
60646	4970
60647	4970
60649	4970
60651	4970
60652	4970
60653	4970
60654	4970
60655	4970
60656	4970
60657	4970
60659	4970
60660	4970
60661	4970
60706	4970
60707	4970
60712	4970
60714	4970
60803	4970
60804	4970
60805	4970
60827	4970
62001	4970
62002	4970
62009	4970
62010	4970
62012	4970
62013	4970
62014	4970
62018	4970
62019	4970
62021	4970
62022	4970
62024	4970
62025	4970
62028	4970
62033	4970
62034	4970
62035	4970
62037	4970
62040	4970
62045	4970
62046	4970
62047	4970
62048	4970
62052	4970
62053	4970
62058	4970
62060	4970
62061	4970
62062	4970
62063	4970
62067	4970
62069	4970
62074	4970
62084	4970
62086	4970
62087	4970
62088	4970
62093	4970
62095	4970
62097	4970
62201	4970
62203	4970
62204	4970
62205	4970
62206	4970
62207	4970
62208	4970
62215	4970
62216	4970
62218	4970
62219	4970
62220	4970
62221	4970
62223	4970
62226	4970
62230	4970
62231	4970
62232	4970
62234	4970
62236	4970
62239	4970
62240	4970
62243	4970
62244	4970
62245	4970
62246	4970
62248	4970
62249	4970
62250	4970
62253	4970
62254	4970
62255	4970
62257	4970
62258	4970
62260	4970
62262	4970
62264	4970
62265	4970
62269	4970
62275	4970
62281	4970
62284	4970
62285	4970
62293	4970
62294	4970
62295	4970
62298	4970
62572	4970
62626	4970
62640	4970
62674	4970
62685	4970
62690	4970
63005	4970
63010	4970
63011	4970
63012	4970
63013	4970
63014	4970
63015	4970
63016	4970
63017	4970
63019	4970
63020	4970
63021	4970
63023	4970
63025	4970
63026	4970
63028	4970
63031	4970
63033	4970
63034	4970
63037	4970
63038	4970
63039	4970
63040	4970
63041	4970
63042	4970
63043	4970
63044	4970
63048	4970
63049	4970
63050	4970
63051	4970
63052	4970
63055	4970
63056	4970
63060	4970
63061	4970
63068	4970
63069	4970
63070	4970
63072	4970
63073	4970
63074	4970
63077	4970
63080	4970
63084	4970
63088	4970
63089	4970
63090	4970
63101	4970
63102	4970
63103	4970
63104	4970
63105	4970
63106	4970
63107	4970
63108	4970
63109	4970
63110	4970
63111	4970
63112	4970
63113	4970
63114	4970
63115	4970
63116	4970
63117	4970
63118	4970
63119	4970
63120	4970
63121	4970
63122	4970
63123	4970
63124	4970
63125	4970
63126	4970
63127	4970
63128	4970
63129	4970
63130	4970
63131	4970
63132	4970
63133	4970
63134	4970
63135	4970
63136	4970
63137	4970
63138	4970
63139	4970
63141	4970
63143	4970
63144	4970
63146	4970
63147	4970
63301	4970
63303	4970
63304	4970
63332	4970
63341	4970
63343	4970
63347	4970
63348	4970
63349	4970
63357	4970
63362	4970
63366	4970
63367	4970
63368	4970
63369	4970
63373	4970
63376	4970
63377	4970
63379	4970
63380	4970
63381	4970
63383	4970
63385	4970
63386	4970
63389	4970
63390	4970
75001	4970
75002	4970
75006	4970
75007	4970
75009	4970
75010	4970
75013	4970
75019	4970
75022	4970
75023	4970
75024	4970
75025	4970
75028	4970
75032	4970
75033	4970
75034	4970
75035	4970
75036	4970
75038	4970
75039	4970
75040	4970
75041	4970
75042	4970
75043	4970
75044	4970
75048	4970
75050	4970
75051	4970
75052	4970
75054	4970
75056	4970
75057	4970
75060	4970
75061	4970
75062	4970
75063	4970
75065	4970
75067	4970
75068	4970
75069	4970
75070	4970
75071	4970
75072	4970
75074	4970
75075	4970
75077	4970
75078	4970
75080	4970
75081	4970
75082	4970
75087	4970
75088	4970
75089	4970
75093	4970
75094	4970
75098	4970
75104	4970
75114	4970
75115	4970
75116	4970
75119	4970
75125	4970
75126	4970
75134	4970
75135	4970
75137	4970
75141	4970
75142	4970
75143	4970
75146	4970
75149	4970
75150	4970
75152	4970
75154	4970
75158	4970
75159	4970
75160	4970
75161	4970
75165	4970
75166	4970
75167	4970
75172	4970
75173	4970
75180	4970
75181	4970
75182	4970
75189	4970
75201	4970
75202	4970
75203	4970
75204	4970
75205	4970
75206	4970
75208	4970
75209	4970
75210	4970
75211	4970
75212	4970
75214	4970
75215	4970
75216	4970
75217	4970
75218	4970
75219	4970
75220	4970
75223	4970
75224	4970
75225	4970
75226	4970
75227	4970
75228	4970
75229	4970
75230	4970
75231	4970
75232	4970
75233	4970
75234	4970
75235	4970
75236	4970
75237	4970
75238	4970
75240	4970
75241	4970
75243	4970
75244	4970
75246	4970
75248	4970
75249	4970
75252	4970
75253	4970
75254	4970
75287	4970
75401	4970
75402	4970
75407	4970
75409	4970
75422	4970
75423	4970
75424	4970
75428	4970
75442	4970
75453	4970
75454	4970
75474	4970
75496	4970
76001	4970
76002	4970
76005	4970
76006	4970
76008	4970
76009	4970
76010	4970
76011	4970
76012	4970
76013	4970
76014	4970
76015	4970
76016	4970
76017	4970
76018	4970
76020	4970
76021	4970
76022	4970
76023	4970
76028	4970
76031	4970
76033	4970
76034	4970
76036	4970
76039	4970
76040	4970
76044	4970
76050	4970
76051	4970
76052	4970
76053	4970
76054	4970
76058	4970
76059	4970
76060	4970
76063	4970
76064	4970
76065	4970
76066	4970
76071	4970
76073	4970
76078	4970
76082	4970
76084	4970
76085	4970
76086	4970
76087	4970
76088	4970
76092	4970
76093	4970
76102	4970
76103	4970
76104	4970
76105	4970
76106	4970
76107	4970
76108	4970
76109	4970
76110	4970
76111	4970
76112	4970
76114	4970
76115	4970
76116	4970
76117	4970
76118	4970
76119	4970
76120	4970
76123	4970
76126	4970
76131	4970
76132	4970
76133	4970
76134	4970
76135	4970
76137	4970
76140	4970
76148	4970
76164	4970
76177	4970
76179	4970
76180	4970
76182	4970
76201	4970
76205	4970
76207	4970
76208	4970
76209	4970
76210	4970
76225	4970
76226	4970
76227	4970
76234	4970
76244	4970
76247	4970
76248	4970
76249	4970
76258	4970
76259	4970
76262	4970
76266	4970
76426	4970
76431	4970
76487	4970
76527	4970
76530	4970
76537	4970
76574	4970
76578	4970
76651	4970
76670	4970
77002	4970
77003	4970
77004	4970
77005	4970
77006	4970
77007	4970
77008	4970
77009	4970
77011	4970
77012	4970
77013	4970
77014	4970
77015	4970
77016	4970
77017	4970
77018	4970
77019	4970
77020	4970
77021	4970
77022	4970
77023	4970
77024	4970
77025	4970
77026	4970
77027	4970
77028	4970
77029	4970
77030	4970
77031	4970
77032	4970
77033	4970
77034	4970
77035	4970
77036	4970
77037	4970
77038	4970
77039	4970
77040	4970
77041	4970
77042	4970
77043	4970
77044	4970
77045	4970
77046	4970
77047	4970
77048	4970
77049	4970
77050	4970
77051	4970
77053	4970
77054	4970
77055	4970
77056	4970
77057	4970
77058	4970
77059	4970
77060	4970
77061	4970
77062	4970
77063	4970
77064	4970
77065	4970
77066	4970
77067	4970
77068	4970
77069	4970
77070	4970
77071	4970
77072	4970
77073	4970
77074	4970
77075	4970
77076	4970
77077	4970
77078	4970
77079	4970
77080	4970
77081	4970
77082	4970
77083	4970
77084	4970
77085	4970
77086	4970
77087	4970
77088	4970
77089	4970
77090	4970
77091	4970
77092	4970
77093	4970
77094	4970
77095	4970
77096	4970
77098	4970
77099	4970
77301	4970
77302	4970
77303	4970
77304	4970
77306	4970
77316	4970
77318	4970
77327	4970
77336	4970
77338	4970
77339	4970
77345	4970
77346	4970
77354	4970
77355	4970
77356	4970
77357	4970
77362	4970
77365	4970
77372	4970
77373	4970
77375	4970
77377	4970
77378	4970
77379	4970
77380	4970
77381	4970
77382	4970
77384	4970
77385	4970
77386	4970
77388	4970
77389	4970
77396	4970
77401	4970
77406	4970
77407	4970
77417	4970
77418	4970
77422	4970
77423	4970
77429	4970
77430	4970
77433	4970
77441	4970
77444	4970
77445	4970
77447	4970
77449	4970
77450	4970
77451	4970
77459	4970
77461	4970
77464	4970
77469	4970
77471	4970
77474	4970
77476	4970
77477	4970
77478	4970
77479	4970
77480	4970
77484	4970
77485	4970
77486	4970
77489	4970
77493	4970
77494	4970
77498	4970
77502	4970
77503	4970
77504	4970
77505	4970
77506	4970
77510	4970
77511	4970
77514	4970
77515	4970
77517	4970
77518	4970
77520	4970
77521	4970
77523	4970
77530	4970
77531	4970
77532	4970
77534	4970
77535	4970
77536	4970
77539	4970
77541	4970
77545	4970
77546	4970
77547	4970
77550	4970
77551	4970
77554	4970
77560	4970
77562	4970
77563	4970
77564	4970
77565	4970
77566	4970
77568	4970
77571	4970
77573	4970
77575	4970
77577	4970
77578	4970
77581	4970
77583	4970
77584	4970
77586	4970
77587	4970
77590	4970
77591	4970
77597	4970
77598	4970
77650	4970
77661	4970
77665	4970
77873	4970
78002	4970
78003	4970
78004	4970
78006	4970
78009	4970
78013	4970
78015	4970
78016	4970
78023	4970
78026	4970
78039	4970
78052	4970
78055	4970
78056	4970
78059	4970
78063	4970
78064	4970
78065	4970
78066	4970
78069	4970
78070	4970
78073	4970
78101	4970
78108	4970
78109	4970
78112	4970
78113	4970
78114	4970
78121	4970
78123	4970
78124	4970
78130	4970
78132	4970
78133	4970
78147	4970
78148	4970
78152	4970
78154	4970
78155	4970
78160	4970
78161	4970
78163	4970
78201	4970
78202	4970
78203	4970
78204	4970
78205	4970
78207	4970
78208	4970
78209	4970
78210	4970
78211	4970
78212	4970
78213	4970
78214	4970
78215	4970
78216	4970
78217	4970
78218	4970
78219	4970
78220	4970
78221	4970
78222	4970
78223	4970
78224	4970
78225	4970
78226	4970
78227	4970
78228	4970
78229	4970
78230	4970
78231	4970
78232	4970
78233	4970
78237	4970
78238	4970
78239	4970
78240	4970
78242	4970
78244	4970
78245	4970
78247	4970
78248	4970
78249	4970
78250	4970
78251	4970
78252	4970
78253	4970
78254	4970
78255	4970
78256	4970
78257	4970
78258	4970
78259	4970
78260	4970
78261	4970
78263	4970
78264	4970
78266	4970
78602	4970
78610	4970
78612	4970
78613	4970
78615	4970
78616	4970
78617	4970
78619	4970
78620	4970
78621	4970
78622	4970
78623	4970
78626	4970
78628	4970
78632	4970
78633	4970
78634	4970
78638	4970
78640	4970
78641	4970
78642	4970
78644	4970
78645	4970
78648	4970
78650	4970
78652	4970
78653	4970
78655	4970
78656	4970
78659	4970
78660	4970
78661	4970
78662	4970
78664	4970
78665	4970
78666	4970
78669	4970
78676	4970
78681	4970
78701	4970
78702	4970
78703	4970
78704	4970
78705	4970
78717	4970
78719	4970
78721	4970
78722	4970
78723	4970
78724	4970
78725	4970
78726	4970
78727	4970
78728	4970
78729	4970
78730	4970
78731	4970
78732	4970
78733	4970
78734	4970
78735	4970
78736	4970
78737	4970
78738	4970
78739	4970
78741	4970
78744	4970
78745	4970
78746	4970
78747	4970
78748	4970
78749	4970
78750	4970
78751	4970
78752	4970
78753	4970
78754	4970
78756	4970
78757	4970
78758	4970
78759	4970
78850	4970
78861	4970
78886	4970
78933	4970
78950	4970
78953	4970
78957	4970
80002	4970
80003	4970
80004	4970
80005	4970
80007	4970
80010	4970
80011	4970
80012	4970
80013	4970
80014	4970
80015	4970
80016	4970
80017	4970
80018	4970
80019	4970
80020	4970
80021	4970
80022	4970
80023	4970
80030	4970
80031	4970
80033	4970
80101	4970
80102	4970
80103	4970
80104	4970
80105	4970
80107	4970
80108	4970
80109	4970
80110	4970
80111	4970
80112	4970
80113	4970
80116	4970
80117	4970
80118	4970
80120	4970
80121	4970
80122	4970
80123	4970
80124	4970
80125	4970
80126	4970
80127	4970
80128	4970
80129	4970
80130	4970
80131	4970
80134	4970
80135	4970
80136	4970
80137	4970
80138	4970
80202	4970
80203	4970
80204	4970
80205	4970
80206	4970
80207	4970
80209	4970
80210	4970
80211	4970
80212	4970
80214	4970
80215	4970
80216	4970
80218	4970
80219	4970
80220	4970
80221	4970
80222	4970
80223	4970
80224	4970
80226	4970
80227	4970
80228	4970
80229	4970
80230	4970
80231	4970
80232	4970
80233	4970
80234	4970
80235	4970
80236	4970
80237	4970
80238	4970
80239	4970
80241	4970
80246	4970
80247	4970
80249	4970
80260	4970
80401	4970
80403	4970
80420	4970
80421	4970
80422	4970
80427	4970
80432	4970
80433	4970
80436	4970
80438	4970
80439	4970
80440	4970
80444	4970
80448	4970
80449	4970
80452	4970
80453	4970
80454	4970
80456	4970
80457	4970
80465	4970
80470	4970
80474	4970
80475	4970
80476	4970
80601	4970
80602	4970
80640	4970
80820	4970
80827	4970
80832	4970
80835	4970
85003	4970
85004	4970
85006	4970
85007	4970
85008	4970
85009	4970
85012	4970
85013	4970
85014	4970
85015	4970
85016	4970
85017	4970
85018	4970
85019	4970
85020	4970
85021	4970
85022	4970
85023	4970
85024	4970
85027	4970
85028	4970
85029	4970
85031	4970
85032	4970
85033	4970
85034	4970
85035	4970
85037	4970
85040	4970
85041	4970
85042	4970
85043	4970
85044	4970
85045	4970
85048	4970
85050	4970
85051	4970
85053	4970
85054	4970
85083	4970
85085	4970
85086	4970
85087	4970
85118	4970
85119	4970
85120	4970
85122	4970
85123	4970
85128	4970
85131	4970
85132	4970
85137	4970
85138	4970
85139	4970
85140	4970
85142	4970
85143	4970
85145	4970
85173	4970
85192	4970
85193	4970
85194	4970
85201	4970
85202	4970
85203	4970
85204	4970
85205	4970
85206	4970
85207	4970
85208	4970
85209	4970
85210	4970
85212	4970
85213	4970
85215	4970
85224	4970
85225	4970
85226	4970
85233	4970
85234	4970
85248	4970
85249	4970
85250	4970
85251	4970
85253	4970
85254	4970
85255	4970
85257	4970
85258	4970
85259	4970
85260	4970
85262	4970
85263	4970
85264	4970
85266	4970
85268	4970
85281	4970
85282	4970
85283	4970
85284	4970
85286	4970
85295	4970
85296	4970
85297	4970
85298	4970
85301	4970
85302	4970
85303	4970
85304	4970
85305	4970
85306	4970
85307	4970
85308	4970
85310	4970
85322	4970
85323	4970
85326	4970
85331	4970
85335	4970
85337	4970
85338	4970
85339	4970
85340	4970
85342	4970
85345	4970
85351	4970
85353	4970
85354	4970
85355	4970
85361	4970
85363	4970
85373	4970
85374	4970
85375	4970
85377	4970
85378	4970
85379	4970
85381	4970
85382	4970
85383	4970
85387	4970
85388	4970
85390	4970
85392	4970
85395	4970
85396	4970
85623	4970
85631	4970
85739	4970
89002	4970
89004	4970
89005	4970
89007	4970
89011	4970
89012	4970
89014	4970
89015	4970
89018	4970
89019	4970
89021	4970
89027	4970
89029	4970
89030	4970
89031	4970
89032	4970
89040	4970
89044	4970
89046	4970
89052	4970
89074	4970
89081	4970
89084	4970
89085	4970
89086	4970
89101	4970
89102	4970
89103	4970
89104	4970
89106	4970
89107	4970
89108	4970
89109	4970
89110	4970
89113	4970
89115	4970
89117	4970
89118	4970
89119	4970
89120	4970
89121	4970
89122	4970
89123	4970
89124	4970
89128	4970
89129	4970
89130	4970
89131	4970
89134	4970
89135	4970
89138	4970
89139	4970
89141	4970
89142	4970
89143	4970
89144	4970
89145	4970
89146	4970
89147	4970
89148	4970
89149	4970
89156	4970
89158	4970
89161	4970
89166	4970
89169	4970
89178	4970
89179	4970
89183	4970
90001	4970
90002	4970
90003	4970
90004	4970
90005	4970
90006	4970
90007	4970
90008	4970
90010	4970
90011	4970
90012	4970
90013	4970
90014	4970
90015	4970
90016	4970
90017	4970
90018	4970
90019	4970
90020	4970
90021	4970
90022	4970
90023	4970
90024	4970
90025	4970
90026	4970
90027	4970
90028	4970
90029	4970
90031	4970
90032	4970
90033	4970
90034	4970
90035	4970
90036	4970
90037	4970
90038	4970
90039	4970
90040	4970
90041	4970
90042	4970
90043	4970
90044	4970
90045	4970
90046	4970
90047	4970
90048	4970
90049	4970
90056	4970
90057	4970
90058	4970
90059	4970
90061	4970
90062	4970
90063	4970
90064	4970
90065	4970
90066	4970
90067	4970
90068	4970
90069	4970
90077	4970
90094	4970
90201	4970
90210	4970
90211	4970
90212	4970
90220	4970
90221	4970
90222	4970
90230	4970
90232	4970
90240	4970
90241	4970
90242	4970
90245	4970
90247	4970
90248	4970
90249	4970
90250	4970
90254	4970
90255	4970
90260	4970
90262	4970
90265	4970
90266	4970
90270	4970
90272	4970
90274	4970
90275	4970
90277	4970
90278	4970
90280	4970
90290	4970
90291	4970
90292	4970
90293	4970
90301	4970
90302	4970
90303	4970
90304	4970
90305	4970
90401	4970
90402	4970
90403	4970
90404	4970
90405	4970
90501	4970
90502	4970
90503	4970
90504	4970
90505	4970
90601	4970
90602	4970
90603	4970
90604	4970
90605	4970
90606	4970
90620	4970
90621	4970
90623	4970
90630	4970
90631	4970
90638	4970
90640	4970
90650	4970
90660	4970
90670	4970
90680	4970
90701	4970
90703	4970
90704	4970
90706	4970
90710	4970
90712	4970
90713	4970
90715	4970
90716	4970
90717	4970
90720	4970
90723	4970
90731	4970
90732	4970
90740	4970
90742	4970
90744	4970
90745	4970
90746	4970
90755	4970
90802	4970
90803	4970
90804	4970
90805	4970
90806	4970
90807	4970
90808	4970
90810	4970
90813	4970
90814	4970
90815	4970
91001	4970
91006	4970
91007	4970
91008	4970
91010	4970
91011	4970
91016	4970
91020	4970
91024	4970
91030	4970
91040	4970
91042	4970
91101	4970
91103	4970
91104	4970
91105	4970
91106	4970
91107	4970
91108	4970
91201	4970
91202	4970
91203	4970
91204	4970
91205	4970
91206	4970
91207	4970
91208	4970
91210	4970
91214	4970
91301	4970
91302	4970
91303	4970
91304	4970
91306	4970
91307	4970
91311	4970
91316	4970
91321	4970
91324	4970
91325	4970
91326	4970
91331	4970
91335	4970
91340	4970
91342	4970
91343	4970
91344	4970
91345	4970
91350	4970
91351	4970
91352	4970
91354	4970
91355	4970
91356	4970
91364	4970
91367	4970
91381	4970
91384	4970
91387	4970
91390	4970
91401	4970
91402	4970
91403	4970
91405	4970
91406	4970
91411	4970
91423	4970
91436	4970
91501	4970
91502	4970
91504	4970
91505	4970
91506	4970
91601	4970
91602	4970
91604	4970
91605	4970
91606	4970
91607	4970
91701	4970
91702	4970
91706	4970
91708	4970
91709	4970
91710	4970
91711	4970
91722	4970
91723	4970
91724	4970
91730	4970
91731	4970
91732	4970
91733	4970
91737	4970
91739	4970
91740	4970
91741	4970
91744	4970
91745	4970
91746	4970
91748	4970
91750	4970
91752	4970
91754	4970
91755	4970
91759	4970
91761	4970
91762	4970
91763	4970
91764	4970
91765	4970
91766	4970
91767	4970
91768	4970
91770	4970
91773	4970
91775	4970
91776	4970
91780	4970
91784	4970
91786	4970
91789	4970
91790	4970
91791	4970
91792	4970
91801	4970
91803	4970
91901	4970
91902	4970
91905	4970
91906	4970
91910	4970
91911	4970
91913	4970
91914	4970
91915	4970
91916	4970
91917	4970
91932	4970
91934	4970
91935	4970
91941	4970
91942	4970
91945	4970
91950	4970
91962	4970
91963	4970
91977	4970
91978	4970
92003	4970
92007	4970
92008	4970
92009	4970
92010	4970
92011	4970
92014	4970
92019	4970
92020	4970
92021	4970
92024	4970
92025	4970
92026	4970
92027	4970
92028	4970
92029	4970
92036	4970
92037	4970
92040	4970
92054	4970
92056	4970
92057	4970
92058	4970
92059	4970
92060	4970
92061	4970
92064	4970
92065	4970
92066	4970
92067	4970
92069	4970
92070	4970
92071	4970
92075	4970
92078	4970
92081	4970
92082	4970
92083	4970
92084	4970
92086	4970
92091	4970
92101	4970
92102	4970
92103	4970
92104	4970
92105	4970
92106	4970
92107	4970
92108	4970
92109	4970
92110	4970
92111	4970
92113	4970
92114	4970
92115	4970
92116	4970
92117	4970
92118	4970
92119	4970
92120	4970
92121	4970
92122	4970
92123	4970
92124	4970
92126	4970
92127	4970
92128	4970
92129	4970
92130	4970
92131	4970
92139	4970
92154	4970
92173	4970
92201	4970
92203	4970
92210	4970
92211	4970
92220	4970
92223	4970
92225	4970
92230	4970
92234	4970
92236	4970
92240	4970
92241	4970
92242	4970
92252	4970
92253	4970
92254	4970
92256	4970
92258	4970
92260	4970
92262	4970
92264	4970
92268	4970
92270	4970
92274	4970
92276	4970
92277	4970
92282	4970
92284	4970
92285	4970
92301	4970
92305	4970
92307	4970
92308	4970
92311	4970
92313	4970
92314	4970
92315	4970
92316	4970
92317	4970
92320	4970
92321	4970
92322	4970
92324	4970
92325	4970
92333	4970
92335	4970
92336	4970
92337	4970
92339	4970
92341	4970
92342	4970
92344	4970
92345	4970
92346	4970
92347	4970
92352	4970
92354	4970
92356	4970
92358	4970
92359	4970
92363	4970
92365	4970
92368	4970
92371	4970
92372	4970
92373	4970
92374	4970
92376	4970
92377	4970
92378	4970
92382	4970
92385	4970
92386	4970
92391	4970
92392	4970
92394	4970
92395	4970
92397	4970
92398	4970
92399	4970
92401	4970
92404	4970
92405	4970
92407	4970
92408	4970
92410	4970
92411	4970
92501	4970
92503	4970
92504	4970
92505	4970
92506	4970
92507	4970
92508	4970
92509	4970
92530	4970
92532	4970
92536	4970
92539	4970
92543	4970
92544	4970
92545	4970
92548	4970
92549	4970
92551	4970
92553	4970
92555	4970
92557	4970
92561	4970
92562	4970
92563	4970
92567	4970
92570	4970
92571	4970
92582	4970
92583	4970
92584	4970
92585	4970
92586	4970
92587	4970
92590	4970
92591	4970
92592	4970
92595	4970
92596	4970
92602	4970
92603	4970
92604	4970
92606	4970
92610	4970
92612	4970
92614	4970
92617	4970
92618	4970
92620	4970
92624	4970
92625	4970
92626	4970
92627	4970
92629	4970
92630	4970
92637	4970
92646	4970
92647	4970
92648	4970
92649	4970
92651	4970
92653	4970
92655	4970
92656	4970
92657	4970
92660	4970
92661	4970
92662	4970
92663	4970
92672	4970
92673	4970
92675	4970
92676	4970
92677	4970
92679	4970
92683	4970
92688	4970
92691	4970
92692	4970
92694	4970
92701	4970
92703	4970
92704	4970
92705	4970
92706	4970
92707	4970
92708	4970
92780	4970
92782	4970
92801	4970
92802	4970
92804	4970
92805	4970
92806	4970
92807	4970
92808	4970
92821	4970
92823	4970
92831	4970
92832	4970
92833	4970
92835	4970
92840	4970
92841	4970
92843	4970
92844	4970
92845	4970
92860	4970
92861	4970
92865	4970
92866	4970
92867	4970
92868	4970
92869	4970
92870	4970
92879	4970
92880	4970
92881	4970
92882	4970
92883	4970
92886	4970
92887	4970
93510	4970
93532	4970
93534	4970
93535	4970
93536	4970
93543	4970
93544	4970
93550	4970
93551	4970
93552	4970
93553	4970
93591	4970
94002	4970
94005	4970
94010	4970
94014	4970
94015	4970
94018	4970
94019	4970
94020	4970
94025	4970
94027	4970
94028	4970
94030	4970
94037	4970
94038	4970
94044	4970
94060	4970
94061	4970
94062	4970
94063	4970
94065	4970
94066	4970
94070	4970
94080	4970
94102	4970
94103	4970
94104	4970
94105	4970
94107	4970
94108	4970
94109	4970
94110	4970
94111	4970
94112	4970
94114	4970
94115	4970
94116	4970
94117	4970
94118	4970
94121	4970
94122	4970
94123	4970
94124	4970
94127	4970
94129	4970
94131	4970
94132	4970
94133	4970
94134	4970
94158	4970
94303	4970
94401	4970
94402	4970
94403	4970
94404	4970
94501	4970
94502	4970
94505	4970
94506	4970
94507	4970
94509	4970
94511	4970
94513	4970
94514	4970
94517	4970
94518	4970
94519	4970
94520	4970
94521	4970
94523	4970
94525	4970
94526	4970
94528	4970
94530	4970
94531	4970
94536	4970
94538	4970
94539	4970
94541	4970
94542	4970
94544	4970
94545	4970
94546	4970
94547	4970
94549	4970
94550	4970
94551	4970
94552	4970
94553	4970
94555	4970
94556	4970
94560	4970
94561	4970
94563	4970
94564	4970
94565	4970
94566	4970
94568	4970
94569	4970
94572	4970
94577	4970
94578	4970
94579	4970
94580	4970
94582	4970
94583	4970
94586	4970
94587	4970
94588	4970
94595	4970
94596	4970
94597	4970
94598	4970
94601	4970
94602	4970
94603	4970
94605	4970
94606	4970
94607	4970
94608	4970
94609	4970
94610	4970
94611	4970
94612	4970
94618	4970
94619	4970
94621	4970
94702	4970
94703	4970
94704	4970
94705	4970
94706	4970
94707	4970
94708	4970
94709	4970
94710	4970
94801	4970
94803	4970
94804	4970
94805	4970
94806	4970
94901	4970
94903	4970
94904	4970
94920	4970
94924	4970
94925	4970
94929	4970
94930	4970
94933	4970
94937	4970
94938	4970
94939	4970
94940	4970
94941	4970
94945	4970
94946	4970
94947	4970
94949	4970
94956	4970
94957	4970
94960	4970
94963	4970
94965	4970
94970	4970
94971	4970
94973	4970
95602	4970
95603	4970
95605	4970
95607	4970
95608	4970
95610	4970
95612	4970
95614	4970
95615	4970
95616	4970
95618	4970
95619	4970
95621	4970
95623	4970
95624	4970
95626	4970
95627	4970
95628	4970
95630	4970
95631	4970
95632	4970
95633	4970
95634	4970
95635	4970
95636	4970
95637	4970
95638	4970
95641	4970
95645	4970
95648	4970
95650	4970
95651	4970
95653	4970
95655	4970
95658	4970
95660	4970
95661	4970
95662	4970
95663	4970
95664	4970
95667	4970
95668	4970
95670	4970
95672	4970
95673	4970
95677	4970
95678	4970
95681	4970
95682	4970
95683	4970
95684	4970
95690	4970
95691	4970
95693	4970
95694	4970
95695	4970
95697	4970
95701	4970
95703	4970
95709	4970
95713	4970
95714	4970
95715	4970
95720	4970
95722	4970
95726	4970
95728	4970
95735	4970
95742	4970
95746	4970
95747	4970
95757	4970
95758	4970
95762	4970
95765	4970
95776	4970
95811	4970
95814	4970
95815	4970
95816	4970
95817	4970
95818	4970
95819	4970
95820	4970
95821	4970
95822	4970
95823	4970
95824	4970
95825	4970
95826	4970
95827	4970
95828	4970
95829	4970
95830	4970
95831	4970
95832	4970
95833	4970
95834	4970
95835	4970
95837	4970
95838	4970
95841	4970
95842	4970
95843	4970
95864	4970
95937	4970
96140	4970
96141	4970
96142	4970
96143	4970
96145	4970
96146	4970
96148	4970
96150	4970
97003	4970
97004	4970
97005	4970
97006	4970
97007	4970
97008	4970
97009	4970
97011	4970
97013	4970
97015	4970
97016	4970
97017	4970
97018	4970
97019	4970
97022	4970
97023	4970
97024	4970
97027	4970
97028	4970
97030	4970
97034	4970
97035	4970
97038	4970
97042	4970
97045	4970
97048	4970
97049	4970
97051	4970
97053	4970
97054	4970
97055	4970
97056	4970
97060	4970
97062	4970
97064	4970
97067	4970
97068	4970
97070	4970
97078	4970
97080	4970
97086	4970
97089	4970
97101	4970
97106	4970
97111	4970
97113	4970
97114	4970
97115	4970
97116	4970
97117	4970
97119	4970
97123	4970
97124	4970
97127	4970
97128	4970
97132	4970
97133	4970
97140	4970
97148	4970
97201	4970
97202	4970
97203	4970
97205	4970
97206	4970
97209	4970
97210	4970
97211	4970
97212	4970
97213	4970
97214	4970
97215	4970
97216	4970
97217	4970
97218	4970
97219	4970
97220	4970
97221	4970
97222	4970
97223	4970
97224	4970
97225	4970
97227	4970
97229	4970
97230	4970
97231	4970
97232	4970
97233	4970
97236	4970
97239	4970
97266	4970
97267	4970
97347	4970
97378	4970
97396	4970
98001	4970
98002	4970
98003	4970
98004	4970
98005	4970
98006	4970
98007	4970
98008	4970
98010	4970
98011	4970
98012	4970
98014	4970
98019	4970
98020	4970
98021	4970
98022	4970
98023	4970
98024	4970
98026	4970
98027	4970
98028	4970
98029	4970
98030	4970
98031	4970
98032	4970
98033	4970
98034	4970
98036	4970
98037	4970
98038	4970
98039	4970
98040	4970
98042	4970
98043	4970
98045	4970
98047	4970
98050	4970
98051	4970
98052	4970
98053	4970
98055	4970
98056	4970
98057	4970
98058	4970
98059	4970
98065	4970
98070	4970
98072	4970
98074	4970
98075	4970
98077	4970
98087	4970
98092	4970
98101	4970
98102	4970
98103	4970
98104	4970
98105	4970
98106	4970
98107	4970
98108	4970
98109	4970
98112	4970
98115	4970
98116	4970
98117	4970
98118	4970
98119	4970
98121	4970
98122	4970
98125	4970
98126	4970
98133	4970
98134	4970
98136	4970
98144	4970
98146	4970
98148	4970
98155	4970
98164	4970
98166	4970
98168	4970
98177	4970
98178	4970
98188	4970
98198	4970
98199	4970
98201	4970
98203	4970
98204	4970
98206	4970
98208	4970
98223	4970
98224	4970
98241	4970
98251	4970
98252	4970
98256	4970
98258	4970
98270	4970
98271	4970
98272	4970
98275	4970
98288	4970
98290	4970
98292	4970
98294	4970
98296	4970
98303	4970
98304	4970
98321	4970
98323	4970
98327	4970
98328	4970
98329	4970
98332	4970
98333	4970
98335	4970
98338	4970
98349	4970
98351	4970
98354	4970
98360	4970
98371	4970
98372	4970
98373	4970
98374	4970
98375	4970
98385	4970
98387	4970
98388	4970
98390	4970
98391	4970
98394	4970
98396	4970
98402	4970
98403	4970
98404	4970
98405	4970
98406	4970
98407	4970
98408	4970
98409	4970
98418	4970
98422	4970
98424	4970
98443	4970
98444	4970
98445	4970
98446	4970
98465	4970
98466	4970
98467	4970
98498	4970
98499	4970
98580	4970
98601	4970
98604	4970
98605	4970
98606	4970
98607	4970
98610	4970
98629	4970
98639	4970
98642	4970
98648	4970
98651	4970
98660	4970
98661	4970
98662	4970
98663	4970
98664	4970
98665	4970
98671	4970
98675	4970
98682	4970
98683	4970
98684	4970
98685	4970
98686	4970
